PCR_template,R3 Well,Count_I,RE_96Well,Template_384Well,Blank,Single,Primer Well,Count_II
V141M,A1,91.0,A1,A1,,L303Q,P1 H1,2
Q167R,F11,5.0,A2,A2,,Q154K,P1 A2,2
,,,,,,Q106W,P2 A1,2
,,,,,,Q295D,P1 H3,2
,,,,,,E316S,P1 E1,2
,,,,,,T25P,P1 F11,1
,,,,,,I15V,P2 E6,1
,,,,,,Q154T,P1 E2,1
,,,,,,H161T,P2 F1,1
,,,,,,Q345D,P1 G10,1
,,,,,,G7L,P2 E12,1
,,,,,,E316N,P1 B5,1
,,,,,,L103I,P1 D5,1
,,,,,,T318N,P1 D2,1
,,,,,,S173E,P1 E3,1
,,,,,,Q362R,P1 C6,1
,,,,,,R162A,P1 B8,1
,,,,,,A65L,P2 B2,1
,,,,,,S386A,P2 D1,1
,,,,,,E316K,P1 B1,1
,,,,,,Q154R,P1 C7,1
,,,,,,S173N,P1 D1,1
,,,,,,E48R,P1 H6,1
,,,,,,Q154H,P1 D3,1
,,,,,,N366G,P1 F1,1
,,,,,,K226G,P2 G3,1
,,,,,,S157K,P1 B4,1
,,,,,,V266E,P1 F10,1
,,,,,,S248A,P1 H5,1
,,,,,,V298A,P2 F10,1
,,,,,,E316A,P1 A1,1
,,,,,,Q295R,P1 B10,1
,,,,,,V298S,P1 C2,1
,,,,,,E48P,P1 C1,1
,,,,,,T318A,P1 G2,1
,,,,,,Q345G,P1 G6,1
,,,,,,E316L,P1 F2,1
,,,,,,R162Q,P1 A3,1
,,,,,,E404P,P1 B6,1
,,,,,,F210L,P2 B4,1
,,,,,,H161L,P1 D7,1
,,,,,,T25S,P2 H2,1
,,,,,,A105V,P1 D9,1
,,,,,,V298L,P1 B11,1
,,,,,,L103V,P1 B7,1
,,,,,,P19A,P2 A3,1
,,,,,,T158K,P1 E5,1
,,,,,,H161R,P2 F2,1
,,,,,,Q167R,P1 A11,1
,,,,,,T158A,P1 C11,1
,,,,,,E48D,P1 B3,1
,,,,,,E316T,P1 C12,1
,,,,,,E48A,P1 D8,1
,,,,,,T158Q,P1 F6,1
,,,,,,L320V,P1 G3,1
,,,,,,G334A,P1 B9,1
,,,,,,Q154D,P1 G1,1
,,,,,,T28Q,P1 G8,1
,,,,,,K319R,P1 C10,1
,,,,,,R305Q,P1 G11,1
,,,,,,I109V,P1 A9,1
,,,,,,Q154P,P1 A10,1
,,,,,,T158E,P1 A12,1
,,,,,,S157P,P1 C5,1
,,,,,,H161Q,P1 E12,1
,,,,,,L303P,P2 C12,1
,,,,,,V266Q,P2 A8,1
,,,,,,V266R,P1 F9,1
,,,,,,N89K,P2 H5,1
,,,,,,E174T,P1 G7,1
,,,,,,N89E,P1 D4,1
,,,,,,R162D,P1 F3,1
,,,,,,L303G,P1 D6,1
,,,,,,L303S,P1 H4,1
,,,,,,G334S,P1 D11,1
,,,,,,N366D,P1 G12,1
,,,,,,Q154S,P1 C8,1
,,,,,,N89S,P1 B12,1
,,,,,,E48Q,P1 A5,1
,,,,,,E316D,P1 C3,1
,,,,,,A339L,P1 B2,1
,,,,,,Q154A,P1 E9,1
,,,,,,E48K,P1 C4,1
,,,,,,S173D,P1 G4,1
,,,,,,T25D,P1 H2,1
,,,,,,S173A,P1 E6,1
,,,,,,R162K,P1 A6,1
,,,,,,V302E,P1 E8,1
,,,,,,V298D,P1 A8,1
,,,,,,S315P,P1 F7,1
,,,,,,E316P,P1 A7,1
