Mutation,Blank
V140T  /  S63G /  L101I ,Blank
V140T  /  S63G /  D9A ,Blank
V140T  /  S63G /  V195H ,Blank
V140T  /  S63G /  D9Q ,Blank
V140T  /  S63G /  T213S ,Blank
V140T  /  L101I  /  K215E,Blank
V140T  /  D9A  /  K215E,Blank
V140T  /  S63G /  E43G ,Blank
V140T  /  V195H  /  K215E,Blank
V140T  /  S63G /  E32K ,Blank
V140T  /  S63G /  E43A ,Blank
V140T  /  K215E /  D9Q ,Blank
V140T  /  L101I  /  E32A,Blank
V140T  /  K215E /  T213S ,Blank
V140T  /  D9A  /  E32A,Blank
V140T  /  L101I  /  S118E,Blank
V140T  /  D9A  /  S118E,Blank
V140T  /  S63G /  E32G ,Blank
V140T  /  S63G /  T213P ,Blank
V140T  /  S63G /  A102N ,Blank
V140T  /  L101I  /  V57L,Blank
V140T  /  V195H  /  E32A,Blank
V140T  /  D9A  /  V57L,Blank
V140T  /  S63G /  T107L ,Blank
V140T  /  K215E /  E43G ,Blank
V140T  /  V195H  /  S118E,Blank
V140T  /  L101I  /  S111H,Blank
V140T  /  D9A  /  S111H,Blank
V140T  /  D9Q  /  E32A,Blank
V140T  /  S63G /  T130P ,Blank
V140T  /  L101I  /  N227S,Blank
V140T  /  D9A  /  N227S,Blank
V140T  /  D9Q  /  S118E,Blank
V140T  /  K215E /  E32K ,Blank
V140T  /  S63G /  E206D ,Blank
V140T  /  V195H  /  V57L,Blank
V140T  /  K215E /  E43A ,Blank
V140T  /  T213S  /  E32A,Blank
V140T  /  L101I  /  Y116H,Blank
V140T  /  T213S  /  S118E,Blank
V140T  /  D9A  /  Y116H,Blank
V140T  /  L101I  /  E33A,Blank
V140T  /  D9A  /  E33A,Blank
V140T  /  V195H  /  S111H,Blank
V140T  /  L101I  /  G77R,Blank
V140T  /  D9A  /  G77R,Blank
V140T  /  D9Q  /  V57L,Blank
V140T  /  S63G /  V204I ,Blank
V140T  /  L101I  /  L67N,Blank
V140T  /  D9A  /  L67N,Blank
V140T  /  V195H  /  N227S,Blank
V140T  /  L101I  /  E32S,Blank
V140T  /  S63G /  V178E ,Blank
V140T  /  D9A  /  E32S,Blank
V140T  /  L101I  /  A102E,Blank
V140T  /  D9A  /  A102E,Blank
V140T  /  L101I  /  E33S,Blank
V140T  /  D9A  /  E33S,Blank
V140T  /  D9Q  /  S111H,Blank
V140T  /  T213S  /  V57L,Blank
V140T  /  L101I  /  T62S,Blank
V140T  /  E32A /  E43G ,Blank
V140T  /  D9Q  /  N227S,Blank
V140T  /  K215E /  E32G ,Blank
V140T  /  D9A  /  T62S,Blank
V140T  /  S63G /  E32N ,Blank
V140T  /  S63G /  A102T ,Blank
V140T  /  V195H  /  Y116H,Blank
V140T  /  L101I  /  E115S,Blank
V140T  /  L101I  /  E32Q,Blank
V140T  /  S118E /  E43G ,Blank
V140T  /  D9A  /  E115S,Blank
V140T  /  V195H  /  E33A,Blank
V140T  /  D9A  /  E32Q,Blank
V140T  /  S63G /  H58E ,Blank
V140T  /  L101I  /  V120L,Blank
V140T  /  D9A  /  V120L,Blank
V140T  /  V195H  /  G77R,Blank
V140T  /  L101I  /  E159D,Blank
V140T  /  D9A  /  E159D,Blank
V140T  /  V195H  /  L67N,Blank
V140T  /  T213S  /  S111H,Blank
V140T  /  V195H  /  E32S,Blank
V140T  /  L101I  /  Q49L,Blank
V140T  /  K215E /  T213P ,Blank
V140T  /  S63G /  R51Q ,Blank
V140T  /  D9A  /  Q49L,Blank
V140T  /  K215E /  A102N ,Blank
V140T  /  T213S  /  N227S,Blank
V140T  /  V195H  /  A102E,Blank
V140T  /  K215E /  T107L ,Blank
V140T  /  D9Q  /  Y116H,Blank
V140T  /  S63G /  E43K ,Blank
V140T  /  V195H  /  E33S,Blank
V140T  /  D9Q  /  E33A,Blank
V140T  /  D9Q  /  G77R,Blank
V140T  /  L101I  /  T189E,Blank
V140T  /  S63G /  D9T ,Blank
V140T  /  D9A  /  T189E,Blank
