Mutation,Blank
L101I / T213S / V140T / V178E,Blank
E206D / L101I / V140T / V178E,Blank
E206D / L101I / T213S / V140T,Blank
E206D / T213S / V140T / V178E,Blank
L101I / V140T / V178E / V195H,Blank
L101I / T213S / V140T / V195H,Blank
D9A / L101I / V140T / V178E,Blank
E206D / L101I / V140T / V195H,Blank
L101I / R51Q / V140T / V178E,Blank
T213S / V140T / V178E / V195H,Blank
D9A / L101I / T213S / V140T,Blank
E206D / V140T / V178E / V195H,Blank
D9A / E206D / L101I / V140T,Blank
L101I / S63N / V140T / V178E,Blank
E32N / L101I / V140T / V178E,Blank
L101I / V140T / V178E / V204I,Blank
E32K / L101I / V140T / V178E,Blank
L101I / R51Q / T213S / V140T,Blank
D9A / T213S / V140T / V178E,Blank
E206D / L101I / R51Q / V140T,Blank
E206D / T213S / V140T / V195H,Blank
L101I / S63N / T213S / V140T,Blank
D9A / E206D / V140T / V178E,Blank
E32N / L101I / T213S / V140T,Blank
L101I / T213S / V140T / V204I,Blank
E206D / L101I / S63N / V140T,Blank
E32K / L101I / T213S / V140T,Blank
E206D / E32N / L101I / V140T,Blank
E206D / L101I / V140T / V204I,Blank
E206D / E32K / L101I / V140T,Blank
D9A / E206D / T213S / V140T,Blank
T213S / V140T / V178E / V204I,Blank
E32K / T213S / V140T / V178E,Blank
D9T / L101I / V140T / V178E,Blank
D9A / L101I / V140T / V195H,Blank
E32G / L101I / V140T / V178E,Blank
E206D / R51Q / T213S / V140T,Blank
E206D / S63N / T213S / V140T,Blank
E206D / E32N / T213S / V140T,Blank
D9T / L101I / T213S / V140T,Blank
L101I / R51Q / V140T / V195H,Blank
E206D / T213S / V140T / V204I,Blank
D9A / V140T / V178E / V195H,Blank
E206D / E32K / T213S / V140T,Blank
E32G / L101I / T213S / V140T,Blank
D9T / E206D / L101I / V140T,Blank
L101I / S63N / V140T / V195H,Blank
E206D / E32G / L101I / V140T,Blank
E32N / L101I / V140T / V195H,Blank
E43K / L101I / V140T / V178E,Blank
L101I / V140T / V195H / V204I,Blank
E32K / L101I / V140T / V195H,Blank
R51Q / V140T / V178E / V195H,Blank
D9A / L101I / R51Q / V140T,Blank
D9A / T213S / V140T / V195H,Blank
E32G / T213S / V140T / V178E,Blank
D9A / E206D / V140T / V195H,Blank
S63N / V140T / V178E / V195H,Blank
D9A / L101I / S63N / V140T,Blank
E32N / V140T / V178E / V195H,Blank
E43K / L101I / T213S / V140T,Blank
D9A / E32N / L101I / V140T,Blank
V140T / V178E / V195H / V204I,Blank
D9A / L101I / V140T / V204I,Blank
E32K / V140T / V178E / V195H,Blank
D9A / E32K / L101I / V140T,Blank
E206D / E43K / L101I / V140T,Blank
R51Q / T213S / V140T / V195H,Blank
D9A / R51Q / V140T / V178E,Blank
D9T / E206D / T213S / V140T,Blank
L101I / T107L / V140T / V178E,Blank
E206D / R51Q / V140T / V195H,Blank
A102N / L101I / V140T / V178E,Blank
L101I / R51Q / S63N / V140T,Blank
L101I / T130P / V140T / V178E,Blank
S63N / T213S / V140T / V195H,Blank
E206D / E32G / T213S / V140T,Blank
E32N / L101I / R51Q / V140T,Blank
D9A / S63N / V140T / V178E,Blank
E32N / T213S / V140T / V195H,Blank
L101I / R51Q / V140T / V204I,Blank
D9A / E32N / V140T / V178E,Blank
T213S / V140T / V195H / V204I,Blank
E206D / S63N / V140T / V195H,Blank
D9A / V140T / V178E / V204I,Blank
E32K / L101I / R51Q / V140T,Blank
E32K / T213S / V140T / V195H,Blank
E206D / E32N / V140T / V195H,Blank
D9A / E32K / V140T / V178E,Blank
D9T / L101I / V140T / V195H,Blank
E32N / L101I / S63N / V140T,Blank
E206D / V140T / V195H / V204I,Blank
D9A / R51Q / T213S / V140T,Blank
L101I / S63N / V140T / V204I,Blank
E206D / E32K / V140T / V195H,Blank
E32G / L101I / V140T / V195H,Blank